tables_preview,figures_preview,models_preview
01_initial_data_audit.csv,01_overall_class_distribution.png,
02_text_quality_summary.csv,02_review_length_by_sentiment.png,
02a_top_store_addresses.csv,03_review_length_distribution.png,
02b_top_review_time_values.csv,04_duplicate_review_prevalence.png,
03_row_filtering_summary.csv,05_distilbert_token_length_distribution.png,
04_target_distribution.csv,06_dummy_baseline_confusion_matrix.png,
05_feature_summary.csv,07_classical_cv_macro_f1_comparison.png,
06_grouped_split_summary.csv,09_logistic_regression_confusion_matrix.png,
06a_split_leakage_check.csv,09_sgd_classifier_confusion_matrix.png,
07_modelling_input_summary.csv,10_distilbert_loss_curve.png,
07a_split_label_distribution.csv,10_linear_svm_confusion_matrix.png,
08_overall_class_balance.csv,10_logistic_regression_confusion_matrix.png,
09_split_class_balance.csv,10_sgd_classifier_confusion_matrix.png,
10_metric_justification.csv,11_distilbert_macro_f1_curve.png,
11_eda_modelling_link_summary.csv,11_linear_svm_confusion_matrix.png,
